label,id
ACADIAN FLYCATCHER,1
ADONIS,2
AFRICAN GIANT SWALLOWTAIL,3
AMERICAN CROW,4
AMERICAN GOLDFINCH,5
AMERICAN PIPIT,6
AMERICAN REDSTART,7
AMERICAN SNOOT,8
AMERICAN THREE TOED WOODPECKER,9
AN 88,10
ANNA HUMMINGBIRD,11
APPOLLO,12
ARTIC TERN,13
ATALA,14
BAIRD SPARROW,15
BALTIMORE ORIOLE,16
BANDED ORANGE HELICONIAN,17
BANDED PEACOCK,18
BANK SWALLOW,19
BARN SWALLOW,20
BAY BREASTED WARBLER,21
BECKERS WHITE,22
BELTED KINGFISHER,23
BEWICK WREN,24
BLACK AND WHITE WARBLER,25
BLACK BILLED CUCKOO,26
BLACK CAPPED VIREO,27
BLACK FOOTED ALBATROSS,28
BLACK HAIRSTREAK,29
BLACK TERN,30
BLACK THROATED BLUE WARBLER,31
BLACK THROATED SPARROW,32
BLUE GROSBEAK,33
BLUE HEADED VIREO,34
BLUE JAY,35
BLUE MORPHO,36
BLUE SPOTTED CROW,37
BLUE WINGED WARBLER,38
BOAT TAILED GRACKLE,39
BOBOLINK,40
BOHEMIAN WAXWING,41
BRANDT CORMORANT,42
BREWER BLACKBIRD,43
BREWER SPARROW,44
BRONZED COWBIRD,45
BROWN CREEPER,46
BROWN PELICAN,47
BROWN SIPROETA,48
BROWN THRASHER,49
CABBAGE WHITE,50
CACTUS WREN,51
CAIRNS BIRDWING,52
CALIFORNIA GULL,53
CANADA WARBLER,54
CAPE GLOSSY STARLING,55
CAPE MAY WARBLER,56
CARDINAL,57
CAROLINA WREN,58
CASPIAN TERN,59
CEDAR WAXWING,60
CERULEAN WARBLER,61
CHECQUERED SKIPPER,62
CHESTNUT,63
CHESTNUT SIDED WARBLER,64
CHIPPING SPARROW,65
CHUCK WILL WIDOW,66
CLARK NUTCRACKER,67
CLAY COLORED SPARROW,68
CLEOPATRA,69
CLIFF SWALLOW,70
CLODIUS PARNASSIAN,71
CLOUDED SULPHUR,72
COMMON BANDED AWL,73
COMMON RAVEN,74
COMMON TERN,75
COMMON WOOD-NYMPH,76
COMMON YELLOWTHROAT,77
COPPER TAIL,78
CRECENT,79
CRESTED AUKLET,80
CRIMSON PATCH,81
DANAID EGGFLY,82
DARK EYED JUNCO,83
DOWNY WOODPECKER,84
EARED GREBE,85
EASTERN COMA,86
EASTERN DAPPLE WHITE,87
EASTERN PINE ELFIN,88
EASTERN TOWHEE,89
ELBOWED PIERROT,90
ELEGANT TERN,91
EUROPEAN GOLDFINCH,92
EVENING GROSBEAK,93
FIELD SPARROW,94
FISH CROW,95
FLORIDA JAY,96
FORSTERS TERN,97
FOX SPARROW,98
FRIGATEBIRD,99
GADWALL,100
GEOCOCCYX,101
GLAUCOUS WINGED GULL,102
GOLD BANDED,103
GOLDEN WINGED WARBLER,104
GRASSHOPPER SPARROW,105
GRAY CATBIRD,106
GRAY CROWNED ROSY FINCH,107
GRAY KINGBIRD,108
GREAT CRESTED FLYCATCHER,109
GREAT EGGFLY,110
GREAT GREY SHRIKE,111
GREAT JAY,112
GREEN CELLED CATTLEHEART,113
GREEN JAY,114
GREEN KINGFISHER,115
GREEN TAILED TOWHEE,116
GREEN VIOLETEAR,117
GREY HAIRSTREAK,118
GROOVE BILLED ANI,119
HARRIS SPARROW,120
HEERMANN GULL,121
HENSLOW SPARROW,122
HERRING GULL,123
HOODED MERGANSER,124
HOODED ORIOLE,125
HOODED WARBLER,126
HORNED GREBE,127
HORNED LARK,128
HORNED PUFFIN,129
HOUSE SPARROW,130
HOUSE WREN,131
INDIGO BUNTING,132
INDRA SWALLOW,133
IPHICLUS SISTER,134
IVORY GULL,135
JULIA,136
KENTUCKY WARBLER,137
LARGE MARBLE,138
LAYSAN ALBATROSS,139
LAZULI BUNTING,140
LE CONTE SPARROW,141
LEAST AUKLET,142
LEAST FLYCATCHER,143
LEAST TERN,144
LINCOLN SPARROW,145
LOGGERHEAD SHRIKE,146
LONG TAILED JAEGER,147
LOUISIANA WATERTHRUSH,148
MAGNOLIA WARBLER,149
MALACHITE,150
MALLARD,151
MANGROVE CUCKOO,152
MANGROVE SKIPPER,153
MARSH WREN,154
MESTRA,155
METALMARK,156
MILBERTS TORTOISESHELL,157
MOCKINGBIRD,158
MONARCH,159
MOURNING CLOAK,160
MOURNING WARBLER,161
MYRTLE WARBLER,162
NASHVILLE WARBLER,163
NELSON SHARP TAILED SPARROW,164
NIGHTHAWK,165
NORTHERN FLICKER,166
NORTHERN FULMAR,167
NORTHERN WATERTHRUSH,168
OLIVE SIDED FLYCATCHER,169
ORANGE CROWNED WARBLER,170
ORANGE OAKLEAF,171
ORANGE TIP,172
ORCHARD ORIOLE,173
ORCHARD SWALLOW,174
OVENBIRD,175
PACIFIC LOON,176
PAINTED BUNTING,177
PAINTED LADY,178
PALM WARBLER,179
PAPER KITE,180
PARAKEET AUKLET,181
PEACOCK,182
PELAGIC CORMORANT,183
PHILADELPHIA VIREO,184
PIED BILLED GREBE,185
PIED KINGFISHER,186
PIGEON GUILLEMOT,187
PILEATED WOODPECKER,188
PINE GROSBEAK,189
PINE WARBLER,190
PINE WHITE,191
PIPEVINE SWALLOW,192
POMARINE JAEGER,193
POPINJAY,194
PRAIRIE WARBLER,195
PROTHONOTARY WARBLER,196
PURPLE FINCH,197
PURPLE HAIRSTREAK,198
PURPLISH COPPER,199
QUESTION MARK,200
RED ADMIRAL,201
RED BELLIED WOODPECKER,202
RED BREASTED MERGANSER,203
RED COCKADED WOODPECKER,204
RED CRACKER,205
RED EYED VIREO,206
RED FACED CORMORANT,207
RED HEADED WOODPECKER,208
RED LEGGED KITTIWAKE,209
RED POSTMAN,210
RED SPOTTED PURPLE,211
RED WINGED BLACKBIRD,212
RHINOCEROS AUKLET,213
RING BILLED GULL,214
RINGED KINGFISHER,215
ROCK WREN,216
ROSE BREASTED GROSBEAK,217
RUBY THROATED HUMMINGBIRD,218
RUFOUS HUMMINGBIRD,219
RUSTY BLACKBIRD,220
SAGE THRASHER,221
SAVANNAH SPARROW,222
SAYORNIS,223
SCARCE SWALLOW,224
SCARLET TANAGER,225
SCISSOR TAILED FLYCATCHER,226
SCOTT ORIOLE,227
SEASIDE SPARROW,228
SHINY COWBIRD,229
SILVER SPOT SKIPPER,230
SLATY BACKED GULL,231
SLEEPY ORANGE,232
SONG SPARROW,233
SOOTY ALBATROSS,234
SOOTYWING,235
SOUTHERN DOGFACE,236
SPOTTED CATBIRD,237
STRAITED QUEEN,238
SUMMER TANAGER,239
SWAINSON WARBLER,240
TENNESSEE WARBLER,241
TREE SPARROW,242
TREE SWALLOW,243
TROPICAL KINGBIRD,244
TROPICAL LEAFWING,245
TWO BARRED FLASHER,246
ULYSES,247
VERMILION FLYCATCHER,248
VESPER SPARROW,249
VICEROY,250
WARBLING VIREO,251
WESTERN GREBE,252
WESTERN GULL,253
WESTERN MEADOWLARK,254
WESTERN WOOD PEWEE,255
WHIP POOR WILL,256
WHITE BREASTED KINGFISHER,257
WHITE BREASTED NUTHATCH,258
WHITE CROWNED SPARROW,259
WHITE EYED VIREO,260
WHITE NECKED RAVEN,261
WHITE PELICAN,262
WHITE THROATED SPARROW,263
WILSON WARBLER,264
WINTER WREN,265
WOOD SATYR,266
WORM EATING WARBLER,267
YELLOW BELLIED FLYCATCHER,268
YELLOW BILLED CUCKOO,269
YELLOW BREASTED CHAT,270
YELLOW HEADED BLACKBIRD,271
YELLOW SWALLOW TAIL,272
YELLOW THROATED VIREO,273
YELLOW WARBLER,274
ZEBRA LONG WING,275